73301,Travis
73344,Travis
78681,Williamson
78701,Travis
78702,Travis
78703,Travis
78704,Travis
78705,Travis
78708,Box
78709,Box
78710,Travis
78711,Box
78712,Travis
78713,Box
78714,Box
78715,Box
78716,Box
78717,Williamson
78718,Box
78719,Travis
78720,Box
78721,Travis
78722,Travis
78723,Travis
78724,Travis
78725,Travis
78726,Travis
78727,Travis
78728,Travis
78729,Williamson
78730,Travis
78731,Travis
78732,Travis
78733,Travis
78734,Travis
78735,Travis
78736,Travis
78737,Hays
78738,Travis
78739,Travis
78741,Travis
78742,Travis
78744,Travis
78745,Travis
78746,Travis
78747,Travis
78748,Travis
78749,Travis
78750,Travis
78751,Travis
78752,Travis
78753,Travis
78754,Travis
78755,Box
78756,Travis
78757,Travis
78758,Travis
78759,Travis
78760,Box
78761,Box
78762,Box
78763,Box
78764,Box
78765,Box
78766,Box
78767,Box
78768,Box
78772,Travis
78773,Travis
78774,Travis
78778,Travis
78779,Travis
78783,Travis
78799,Travis
